-- Inserting 10 random users
INSERT INTO Users (user_id, username, birthdate, account_creation_date) VALUES
(1, 'TheSilverScreenLover', '1999-02-14', '2023-09-30'),
(2, 'MovieMaverick', '1997-11-22', '2023-12-02'),
(3, 'CinephileGuru', '1996-08-03', '2023-07-18'),
(4, 'FilmFanatic22', '1998-05-19', '2023-10-25'),
(5, 'FlickFollower', '2000-09-08', '2023-05-12'),
(6, 'CinemaSavvy', '1995-04-27', '2023-11-07'),
(7, 'ReelReviewer', '2001-07-31', '2023-08-14'),
(8, 'ScreenSpectator', '1993-10-11', '2023-06-28'),
(9, 'PicturePassionate', '1994-12-15', '2023-11-30'),
(10, 'FilmBuff101', '1999-03-04', '2023-10-05');

-- Inserting 25 movies, with more weight given to popular culture influence
INSERT INTO Movies (movie_id, title, year, genre, mpaa_rating, director) VALUES
(1, 'Star Wars: Episode IV - A New Hope', 1977, 'Action, Adventure, Fantasy', 'PG', 'George Lucas'),
(2, 'The Matrix', 1999, 'Action, Sci-Fi', 'R', 'The Wachowskis'),
(3, 'Back to the Future', 1985, 'Adventure, Comedy, Sci-Fi', 'PG', 'Robert Zemeckis'),
(4, 'Jurassic Park', 1993, 'Action, Adventure, Sci-Fi', 'PG-13', 'Steven Spielberg'),
(5, 'The Shawshank Redemption', 1994, 'Drama', 'R', 'Frank Darabont'),
(6, 'The Dark Knight', 2008, 'Action, Crime, Drama', 'PG-13', 'Christopher Nolan'),
(7, 'Pulp Fiction', 1994, 'Crime, Drama', 'R', 'Quentin Tarantino'),
(8, 'The Lord of the Rings: The Fellowship of the Ring', 2001, 'Action, Adventure, Drama', 'PG-13', 'Peter Jackson'),
(9, 'The Lion King', 1994, 'Animation, Adventure, Drama', 'G', 'Roger Allers, Rob Minkoff'),
(10, 'Harry Potter and the Sorcerer''s Stone', 2001, 'Adventure, Family, Fantasy', 'PG', 'Chris Columbus'),
(11, 'The Avengers', 2012, 'Action, Adventure, Sci-Fi', 'PG-13', 'Joss Whedon'),
(12, 'Avatar', 2009, 'Action, Adventure, Fantasy', 'PG-13', 'James Cameron'),
(13, 'Forrest Gump', 1994, 'Drama, Romance', 'PG-13', 'Robert Zemeckis'),
(14, 'Titanic', 1997, 'Drama, Romance', 'PG-13', 'James Cameron'),
(15, 'The Harry Potter series', 2001, 'Fantasy, Adventure', 'PG-13', 'Various Directors'),
(16, 'The Lord of the Rings: The Return of the King', 2003, 'Action, Adventure, Drama', 'PG-13', 'Peter Jackson'),
(17, 'Indiana Jones: Raiders of the Lost Ark', 1981, 'Action, Adventure', 'PG', 'Steven Spielberg'),
(18, 'Ghostbusters', 1984, 'Action, Comedy, Fantasy', 'PG', 'Ivan Reitman'),
(19, 'Star Wars: Episode V - The Empire Strikes Back', 1980, 'Action, Adventure, Fantasy', 'PG', 'Irvin Kershner'),
(20, 'Jaws', 1975, 'Adventure, Thriller', 'PG', 'Steven Spielberg'),
(21, 'E.T. the Extra-Terrestrial', 1982, 'Family, Sci-Fi', 'PG', 'Steven Spielberg'),
(22, 'The Terminator', 1984, 'Action, Sci-Fi', 'R', 'James Cameron'),
(23, 'Die Hard', 1988, 'Action, Thriller', 'R', 'John McTiernan'),
(24, 'The Wizard of Oz', 1939, 'Adventure, Family, Fantasy', 'PG', 'Victor Fleming'),
(25, 'The Exorcist', 1973, 'Horror', 'R', 'William Friedkin');

-- Inserting 20 random watchlist entries
INSERT INTO Watchlist (user_id, movie_id) VALUES
(1, 8),
(2, 4),
(3, 14),
(4, 16),
(5, 6),
(6, 22),
(7, 12),
(8, 20),
(9, 3),
(10, 10),
(1, 13),
(2, 7),
(3, 21),
(4, 1),
(5, 19),
(6, 9),
(7, 18),
(8, 2),
(9, 25),
(10, 15);

-- Inserting 20 random favorites entries
INSERT INTO Favorites (user_id, movie_id) VALUES
(1, 22),
(2, 11),
(3, 4),
(4, 18),
(5, 9),
(6, 2),
(7, 15),
(8, 23),
(9, 6),
(10, 7),
(1, 19),
(2, 13),
(3, 25),
(4, 8),
(5, 21),
(6, 10),
(7, 16),
(8, 1),
(9, 3),
(10, 12);
